{"cameraMode":{"drawMode":0,"name":"Shaded","section":"Shading Mode"},"sceneLighting":false,"audioPlay":false,"sceneViewState":{"showFog":true,"showMaterialUpdate":false,"showSkybox":false,"showFlares":true,"showImageEffects":true,"showParticleSystems":true},"in2DMode":false,"pivot":{"x":-0.7888866066932678,"y":2.8762876987457277,"z":0.0},"rotation":{"x":0.0008806961704976857,"y":0.9954670071601868,"z":-0.09466373175382614,"w":0.009258946403861046},"size":2.6072614192962648,"orthographic":false}