{"cameraMode":{"drawMode":0,"name":"Shaded","section":"Shading Mode"},"sceneLighting":false,"audioPlay":false,"sceneViewState":{"showFog":true,"showMaterialUpdate":false,"showSkybox":false,"showFlares":true,"showImageEffects":true,"showParticleSystems":true},"in2DMode":false,"pivot":{"x":-0.1219480037689209,"y":1.8706469535827637,"z":-0.01582789421081543},"rotation":{"x":0.01916150003671646,"y":0.797607958316803,"z":-0.6023396849632263,"w":0.025373084470629693},"size":11.384325981140137,"orthographic":false}