{"cameraMode":{"drawMode":0,"name":"Shaded","section":"Shading Mode"},"sceneLighting":false,"audioPlay":false,"sceneViewState":{"showFog":true,"showMaterialUpdate":false,"showSkybox":false,"showFlares":true,"showImageEffects":true,"showParticleSystems":true},"in2DMode":false,"pivot":{"x":0.016399867832660676,"y":0.06442435085773468,"z":0.004807718098163605},"rotation":{"x":0.01916150003671646,"y":0.797607958316803,"z":-0.6023396849632263,"w":0.025373084470629693},"size":0.42990410327911379,"orthographic":false}