{"cameraMode":{"drawMode":0,"name":"Shaded","section":"Shading Mode"},"sceneLighting":false,"audioPlay":false,"sceneViewState":{"showFog":true,"showMaterialUpdate":false,"showSkybox":false,"showFlares":true,"showImageEffects":true,"showParticleSystems":true},"in2DMode":false,"pivot":{"x":-0.19585227966308595,"y":0.6342325210571289,"z":0.44020843505859377},"rotation":{"x":0.01916150003671646,"y":0.797607958316803,"z":-0.6023396849632263,"w":0.025373084470629693},"size":53.90952682495117,"orthographic":false}