{"cameraMode":{"drawMode":0,"name":"Shaded","section":"Shading Mode"},"sceneLighting":false,"audioPlay":false,"sceneViewState":{"showFog":true,"showMaterialUpdate":false,"showSkybox":false,"showFlares":true,"showImageEffects":true,"showParticleSystems":true},"in2DMode":false,"pivot":{"x":0.07948797941207886,"y":0.8785475492477417,"z":-0.0728449821472168},"rotation":{"x":0.01916150003671646,"y":0.797607958316803,"z":-0.6023396849632263,"w":0.025373084470629693},"size":6.968562126159668,"orthographic":false}