{"cameraMode":{"drawMode":0,"name":"Shaded","section":"Shading Mode"},"sceneLighting":false,"audioPlay":false,"sceneViewState":{"showFog":true,"showMaterialUpdate":false,"showSkybox":false,"showFlares":true,"showImageEffects":true,"showParticleSystems":true},"in2DMode":false,"pivot":{"x":-0.07289427518844605,"y":0.5486984252929688,"z":0.14603470265865327},"rotation":{"x":0.01916150003671646,"y":0.797607958316803,"z":-0.6023396849632263,"w":0.025373084470629693},"size":4.173859596252441,"orthographic":false}